mc	mn	mc_playthrough	mn_playthrough	quarterbeats_playthrough	quarterbeats_all_endings	duration_qb	mc_onset	mn_onset	timesig	staff	voice	duration	nominal_duration	scalar	tied	tpc	midi	name	octave	chord_id
1	0	1	0a	0	0	0.5	0	1/2	3/4	1	1	1/8	1/8	1		5	83	B5	5	0
1	0	1	0a	1/2	1/2	0.5	1/8	5/8	3/4	1	1	1/8	1/8	1		1	79	G5	5	1
2	1	2	1a	1	1	1.0	0	0	3/4	2	1	1/4	1/4	1		1	55	G3	3	5
2	1	2	1a	1	1	1.0	0	0	3/4	1	1	1/4	1/4	1		5	71	B4	4	2
2	1	2	1a	2	2	1.0	1/4	1/4	3/4	2	1	1/4	1/4	1		3	57	A3	3	6
2	1	2	1a	2	2	1.0	1/4	1/4	3/4	1	1	1/4	1/4	1		0	72	C5	5	3
2	1	2	1a	3	3	1.0	1/2	1/2	3/4	2	1	1/4	1/4	1		5	59	B3	3	7
2	1	2	1a	3	3	1.0	1/2	1/2	3/4	1	1	1/4	1/4	1		2	74	D5	5	4
3	2	3	2a	4	4	1.0	0	0	3/4	2	1	1/4	1/4	1		5	59	B3	3	12
3	2	3	2a	4	4	1.0	0	0	3/4	1	1	1/4	1/4	1		2	74	D5	5	8
3	2	3	2a	5	5	1.0	1/4	1/4	3/4	2	1	1/4	1/4	1		3	57	A3	3	13
3	2	3	2a	5	5	1.0	1/4	1/4	3/4	1	1	1/4	1/4	1		0	72	C5	5	9
3	2	3	2a	6	6	0.5	1/2	1/2	3/4	1	1	1/8	1/8	1		3	81	A5	5	10
3	2	3	2a	13/2	13/2	0.5	5/8	5/8	3/4	1	1	1/8	1/8	1		6	78	F#5	5	11
4	3	4	3a	7	7	1.0	0	0	3/4	2	1	1/4	1/4	1		6	54	F#3	3	17
4	3	4	3a	7	7	1.0	0	0	3/4	1	1	1/4	1/4	1		3	69	A4	4	14
4	3	4	3a	8	8	1.0	1/4	1/4	3/4	2	1	1/4	1/4	1		1	55	G3	3	18
4	3	4	3a	8	8	1.0	1/4	1/4	3/4	1	1	1/4	1/4	1		5	71	B4	4	15
4	3	4	3a	9	9	1.0	1/2	1/2	3/4	2	1	1/4	1/4	1		3	57	A3	3	19
4	3	4	3a	9	9	1.0	1/2	1/2	3/4	1	1	1/4	1/4	1		0	72	C5	5	16
5	4	5	4a	10	10	1.0	0	0	3/4	2	1	1/4	1/4	1		3	57	A3	3	24
5	4	5	4a	10	10	1.0	0	0	3/4	1	1	1/4	1/4	1		0	72	C5	5	20
5	4	5	4a	11	11	1.0	1/4	1/4	3/4	2	1	1/4	1/4	1		1	55	G3	3	25
5	4	5	4a	11	11	1.0	1/4	1/4	3/4	1	1	1/4	1/4	1		5	71	B4	4	21
5	4	5	4a	12	12	0.5	1/2	1/2	3/4	1	1	1/8	1/8	1		5	83	B5	5	22
5	4	5	4a	25/2	25/2	0.5	5/8	5/8	3/4	1	1	1/8	1/8	1		1	79	G5	5	23
6	5	6	5a	13	13	2.0	0	0	3/4	2	1	1/2	1/2	1		1	55	G3	3	30
6	5	6	5a	13	13	1.0	0	0	3/4	1	1	1/4	1/4	1		4	76	E5	5	26
6	5	6	5a	14	14	0.5	1/4	1/4	3/4	1	1	1/8	1/8	1		1	79	G5	5	27
6	5	6	5a	29/2	29/2	0.5	3/8	3/8	3/4	1	1	1/8	1/8	1		4	76	E5	5	28
6	5	6	5a	15	15	1.0	1/2	1/2	3/4	2	1	1/4	1/4	1		4	52	E3	3	31
6	5	6	5a	15	15	1.0	1/2	1/2	3/4	1	1	1/4	1/4	1		7	73	C#5	5	29
7	6	7	6a	16	16	1.0	0	0	3/4	2	1	1/4	1/4	1		7	49	C#3	3	37
7	6	7	6a	16	16	0.5	0	0	3/4	1	1	1/8	1/8	1		4	76	E5	5	32
7	6	7	6a	33/2	33/2	0.5	1/8	1/8	3/4	1	1	1/8	1/8	1		7	73	C#5	5	33
7	6	7	6a	17	17	1.0	1/4	1/4	3/4	2	1	1/4	1/4	1		3	45	A2	2	38
7	6	7	6a	17	17	0.5	1/4	1/4	3/4	1	1	1/8	1/8	1		3	69	A4	4	34
7	6	7	6a	35/2	35/2	0.5	3/8	3/8	3/4	1	1	1/8	1/8	1		1	67	G4	4	35
7	6	7	6a	18	18	1.0	1/2	1/2	3/4	2	1	1/4	1/4	1		2	50	D3	3	39
7	6	7	6a	18	18	1.0	1/2	1/2	3/4	1	1	1/4	1/4	1		6	66	F#4	4	36
8	7	8	7a	19	19	1.0	0	0	3/4	2	1	1/4	1/4	1		1	55	G3	3	45
8	7	8	7a	19	19	0.3333333333333333	0	0	3/4	1	1	1/12	1/8	2/3		5	71	B4	4	40
8	7	8	7a	58/3	58/3	0.3333333333333333	1/12	1/12	3/4	1	1	1/12	1/8	2/3		3	69	A4	4	41
8	7	8	7a	59/3	59/3	0.3333333333333333	1/6	1/6	3/4	1	1	1/12	1/8	2/3		1	67	G4	4	42
8	7	8	7a	20	20	1.0	1/4	1/4	3/4	2	1	1/4	1/4	1		3	57	A3	3	46
8	7	8	7a	20	20	1.0	1/4	1/4	3/4	1	1	1/4	1/4	1		6	66	F#4	4	43
8	7	8	7a	21	21	1.0	1/2	1/2	3/4	2	1	1/4	1/4	1		3	45	A2	2	47
8	7	8	7a	21	21	1.0	1/2	1/2	3/4	1	1	1/4	1/4	1		4	64	E4	4	44
9	8	9	8a	22	22	1.0	0	0	3/4	2	1	1/4	1/4	1		2	50	D3	3	49
9	8	9	8a	22	22	2.0	0	0	3/4	1	1	1/2	1/2	1		2	62	D4	4	48
9	8	9	8a	23	23	1.0	1/4	1/4	3/4	2	1	1/4	1/4	1		2	38	D2	2	50
1	0	10	8a	24	0	0.5	0	1/2	3/4	1	1	1/8	1/8	1		5	83	B5	5	0
1	0	10	8a	49/2	1/2	0.5	1/8	5/8	3/4	1	1	1/8	1/8	1		1	79	G5	5	1
2	1	11	1b	25	1	1.0	0	0	3/4	2	1	1/4	1/4	1		1	55	G3	3	5
2	1	11	1b	25	1	1.0	0	0	3/4	1	1	1/4	1/4	1		5	71	B4	4	2
2	1	11	1b	26	2	1.0	1/4	1/4	3/4	2	1	1/4	1/4	1		3	57	A3	3	6
2	1	11	1b	26	2	1.0	1/4	1/4	3/4	1	1	1/4	1/4	1		0	72	C5	5	3
2	1	11	1b	27	3	1.0	1/2	1/2	3/4	2	1	1/4	1/4	1		5	59	B3	3	7
2	1	11	1b	27	3	1.0	1/2	1/2	3/4	1	1	1/4	1/4	1		2	74	D5	5	4
3	2	12	2b	28	4	1.0	0	0	3/4	2	1	1/4	1/4	1		5	59	B3	3	12
3	2	12	2b	28	4	1.0	0	0	3/4	1	1	1/4	1/4	1		2	74	D5	5	8
3	2	12	2b	29	5	1.0	1/4	1/4	3/4	2	1	1/4	1/4	1		3	57	A3	3	13
3	2	12	2b	29	5	1.0	1/4	1/4	3/4	1	1	1/4	1/4	1		0	72	C5	5	9
3	2	12	2b	30	6	0.5	1/2	1/2	3/4	1	1	1/8	1/8	1		3	81	A5	5	10
3	2	12	2b	61/2	13/2	0.5	5/8	5/8	3/4	1	1	1/8	1/8	1		6	78	F#5	5	11
4	3	13	3b	31	7	1.0	0	0	3/4	2	1	1/4	1/4	1		6	54	F#3	3	17
4	3	13	3b	31	7	1.0	0	0	3/4	1	1	1/4	1/4	1		3	69	A4	4	14
4	3	13	3b	32	8	1.0	1/4	1/4	3/4	2	1	1/4	1/4	1		1	55	G3	3	18
4	3	13	3b	32	8	1.0	1/4	1/4	3/4	1	1	1/4	1/4	1		5	71	B4	4	15
4	3	13	3b	33	9	1.0	1/2	1/2	3/4	2	1	1/4	1/4	1		3	57	A3	3	19
4	3	13	3b	33	9	1.0	1/2	1/2	3/4	1	1	1/4	1/4	1		0	72	C5	5	16
5	4	14	4b	34	10	1.0	0	0	3/4	2	1	1/4	1/4	1		3	57	A3	3	24
5	4	14	4b	34	10	1.0	0	0	3/4	1	1	1/4	1/4	1		0	72	C5	5	20
5	4	14	4b	35	11	1.0	1/4	1/4	3/4	2	1	1/4	1/4	1		1	55	G3	3	25
5	4	14	4b	35	11	1.0	1/4	1/4	3/4	1	1	1/4	1/4	1		5	71	B4	4	21
5	4	14	4b	36	12	0.5	1/2	1/2	3/4	1	1	1/8	1/8	1		5	83	B5	5	22
5	4	14	4b	73/2	25/2	0.5	5/8	5/8	3/4	1	1	1/8	1/8	1		1	79	G5	5	23
6	5	15	5b	37	13	2.0	0	0	3/4	2	1	1/2	1/2	1		1	55	G3	3	30
6	5	15	5b	37	13	1.0	0	0	3/4	1	1	1/4	1/4	1		4	76	E5	5	26
6	5	15	5b	38	14	0.5	1/4	1/4	3/4	1	1	1/8	1/8	1		1	79	G5	5	27
6	5	15	5b	77/2	29/2	0.5	3/8	3/8	3/4	1	1	1/8	1/8	1		4	76	E5	5	28
6	5	15	5b	39	15	1.0	1/2	1/2	3/4	2	1	1/4	1/4	1		4	52	E3	3	31
6	5	15	5b	39	15	1.0	1/2	1/2	3/4	1	1	1/4	1/4	1		7	73	C#5	5	29
7	6	16	6b	40	16	1.0	0	0	3/4	2	1	1/4	1/4	1		7	49	C#3	3	37
7	6	16	6b	40	16	0.5	0	0	3/4	1	1	1/8	1/8	1		4	76	E5	5	32
7	6	16	6b	81/2	33/2	0.5	1/8	1/8	3/4	1	1	1/8	1/8	1		7	73	C#5	5	33
7	6	16	6b	41	17	1.0	1/4	1/4	3/4	2	1	1/4	1/4	1		3	45	A2	2	38
7	6	16	6b	41	17	0.5	1/4	1/4	3/4	1	1	1/8	1/8	1		3	69	A4	4	34
7	6	16	6b	83/2	35/2	0.5	3/8	3/8	3/4	1	1	1/8	1/8	1		1	67	G4	4	35
7	6	16	6b	42	18	1.0	1/2	1/2	3/4	2	1	1/4	1/4	1		2	50	D3	3	39
7	6	16	6b	42	18	1.0	1/2	1/2	3/4	1	1	1/4	1/4	1		6	66	F#4	4	36
8	7	17	7b	43	19	1.0	0	0	3/4	2	1	1/4	1/4	1		1	55	G3	3	45
8	7	17	7b	43	19	0.3333333333333333	0	0	3/4	1	1	1/12	1/8	2/3		5	71	B4	4	40
8	7	17	7b	130/3	58/3	0.3333333333333333	1/12	1/12	3/4	1	1	1/12	1/8	2/3		3	69	A4	4	41
8	7	17	7b	131/3	59/3	0.3333333333333333	1/6	1/6	3/4	1	1	1/12	1/8	2/3		1	67	G4	4	42
8	7	17	7b	44	20	1.0	1/4	1/4	3/4	2	1	1/4	1/4	1		3	57	A3	3	46
8	7	17	7b	44	20	1.0	1/4	1/4	3/4	1	1	1/4	1/4	1		6	66	F#4	4	43
8	7	17	7b	45	21	1.0	1/2	1/2	3/4	2	1	1/4	1/4	1		3	45	A2	2	47
8	7	17	7b	45	21	1.0	1/2	1/2	3/4	1	1	1/4	1/4	1		4	64	E4	4	44
9	8	18	8b	46	22	1.0	0	0	3/4	2	1	1/4	1/4	1		2	50	D3	3	49
9	8	18	8b	46	22	2.0	0	0	3/4	1	1	1/2	1/2	1		2	62	D4	4	48
9	8	18	8b	47	23	1.0	1/4	1/4	3/4	2	1	1/4	1/4	1		2	38	D2	2	50
10	8	19	8b	48	24	0.5	0	1/2	3/4	1	1	1/8	1/8	1		2	74	D5	5	51
10	8	19	8b	97/2	49/2	0.5	1/8	5/8	3/4	1	1	1/8	1/8	1		5	71	B4	4	52
11	9	20	9a	49	25	1.0	0	0	3/4	2	1	1/4	1/4	1		4	52	E3	3	56
11	9	20	9a	49	25	1.0	0	0	3/4	1	1	1/4	1/4	1		8	68	G#4	4	53
11	9	20	9a	50	26	1.0	1/4	1/4	3/4	2	1	1/4	1/4	1		2	62	D4	4	57
11	9	20	9a	50	26	1.0	1/4	1/4	3/4	1	1	1/4	1/4	1		-1	77	F5	5	54
11	9	20	9a	51	27	1.0	1/2	1/2	3/4	2	1	1/4	1/4	1		0	60	C4	4	58
11	9	20	9a	51	27	1.0	1/2	1/2	3/4	1	1	1/4	1/4	1		4	76	E5	5	55
12	10	21	10a	52	28	1.0	0	0	3/4	2	1	1/4	1/4	1		5	59	B3	3	63
12	10	21	10a	52	28	1.0	0	0	3/4	1	1	1/4	1/4	1		2	74	D5	5	59
12	10	21	10a	53	29	1.0	1/4	1/4	3/4	2	1	1/4	1/4	1		3	57	A3	3	64
12	10	21	10a	53	29	1.0	1/4	1/4	3/4	1	1	1/4	1/4	1		0	72	C5	5	60
12	10	21	10a	54	30	0.5	1/2	1/2	3/4	2	1	1/8	1/8	1		3	57	A3	3	65
12	10	21	10a	54	30	0.5	1/2	1/2	3/4	1	1	1/8	1/8	1		0	72	C5	5	61
12	10	21	10a	109/2	61/2	0.5	5/8	5/8	3/4	2	1	1/8	1/8	1		6	54	F#3	3	66
12	10	21	10a	109/2	61/2	0.5	5/8	5/8	3/4	1	1	1/8	1/8	1		3	69	A4	4	62
13	11	22	11a	55	31	1.0	0	0	3/4	2	1	1/4	1/4	1		2	50	D3	3	70
13	11	22	11a	55	31	1.0	0	0	3/4	1	1	1/4	1/4	1		6	66	F#4	4	67
13	11	22	11a	56	32	1.0	1/4	1/4	3/4	2	1	1/4	1/4	1		0	60	C4	4	71
13	11	22	11a	56	32	1.0	1/4	1/4	3/4	1	1	1/4	1/4	1		4	76	E5	5	68
13	11	22	11a	57	33	1.0	1/2	1/2	3/4	2	1	1/4	1/4	1		5	59	B3	3	72
13	11	22	11a	57	33	1.0	1/2	1/2	3/4	1	1	1/4	1/4	1		2	74	D5	5	69
14	12	23	12a	58	34	1.0	0	0	3/4	2	1	1/4	1/4	1		3	57	A3	3	77
14	12	23	12a	58	34	1.0	0	0	3/4	1	1	1/4	1/4	1		0	72	C5	5	73
14	12	23	12a	59	35	1.0	1/4	1/4	3/4	2	1	1/4	1/4	1		1	55	G3	3	78
14	12	23	12a	59	35	1.0	1/4	1/4	3/4	1	1	1/4	1/4	1		5	71	B4	4	74
14	12	23	12a	60	36	0.5	1/2	1/2	3/4	1	1	1/8	1/8	1		4	76	E5	5	75
14	12	23	12a	121/2	73/2	0.5	5/8	5/8	3/4	1	1	1/8	1/8	1		0	72	C5	5	76
15	13	24	13a	61	37	2.0	0	0	3/4	2	1	1/2	1/2	1		0	60	C4	4	83
15	13	24	13a	61	37	1.0	0	0	3/4	1	1	1/4	1/4	1		3	69	A4	4	79
15	13	24	13a	62	38	0.5	1/4	1/4	3/4	1	1	1/8	1/8	1		0	72	C5	5	80
15	13	24	13a	125/2	77/2	0.5	3/8	3/8	3/4	1	1	1/8	1/8	1		3	69	A4	4	81
15	13	24	13a	63	39	1.0	1/2	1/2	3/4	2	1	1/4	1/4	1		3	57	A3	3	84
15	13	24	13a	63	39	1.0	1/2	1/2	3/4	1	1	1/4	1/4	1		6	66	F#4	4	82
16	14	25	14a	64	40	1.0	0	0	3/4	2	1	1/4	1/4	1		6	54	F#3	3	90
16	14	25	14a	64	40	0.5	0	0	3/4	1	1	1/8	1/8	1		2	62	D4	4	85
16	14	25	14a	129/2	81/2	0.5	1/8	1/8	3/4	1	1	1/8	1/8	1		6	66	F#4	4	86
16	14	25	14a	65	41	1.0	1/4	1/4	3/4	2	1	1/4	1/4	1		2	50	D3	3	91
16	14	25	14a	65	41	0.5	1/4	1/4	3/4	1	1	1/8	1/8	1		3	69	A4	4	87
16	14	25	14a	131/2	83/2	0.5	3/8	3/8	3/4	1	1	1/8	1/8	1		0	72	C5	5	88
16	14	25	14a	66	42	1.0	1/2	1/2	3/4	2	1	1/4	1/4	1		1	55	G3	3	92
16	14	25	14a	66	42	1.0	1/2	1/2	3/4	1	1	1/4	1/4	1		5	71	B4	4	89
17	15	26	15a	67	43	1.0	0	0	3/4	2	1	1/4	1/4	1		0	60	C4	4	98
17	15	26	15a	67	43	0.3333333333333333	0	0	3/4	1	1	1/12	1/8	2/3		4	76	E5	5	93
17	15	26	15a	202/3	130/3	0.3333333333333333	1/12	1/12	3/4	1	1	1/12	1/8	2/3		0	72	C5	5	94
17	15	26	15a	203/3	131/3	0.3333333333333333	1/6	1/6	3/4	1	1	1/12	1/8	2/3		3	69	A4	4	95
17	15	26	15a	68	44	1.0	1/4	1/4	3/4	2	1	1/4	1/4	1		2	62	D4	4	99
17	15	26	15a	68	44	1.0	1/4	1/4	3/4	1	1	1/4	1/4	1		1	67	G4	4	96
17	15	26	15a	69	45	1.0	1/2	1/2	3/4	2	1	1/4	1/4	1		2	50	D3	3	100
17	15	26	15a	69	45	1.0	1/2	1/2	3/4	1	1	1/4	1/4	1		6	66	F#4	4	97
18	16	27	16a	70	46	2.0	0	0	3/4	2	1	1/2	1/2	1		1	55	G3	3	102
18	16	27	16a	70	46	2.0	0	0	3/4	1	1	1/2	1/2	1		1	67	G4	4	101
10	8	28	16a	72	24	0.5	0	1/2	3/4	1	1	1/8	1/8	1		2	74	D5	5	51
10	8	28	16a	145/2	49/2	0.5	1/8	5/8	3/4	1	1	1/8	1/8	1		5	71	B4	4	52
11	9	29	9b	73	25	1.0	0	0	3/4	2	1	1/4	1/4	1		4	52	E3	3	56
11	9	29	9b	73	25	1.0	0	0	3/4	1	1	1/4	1/4	1		8	68	G#4	4	53
11	9	29	9b	74	26	1.0	1/4	1/4	3/4	2	1	1/4	1/4	1		2	62	D4	4	57
11	9	29	9b	74	26	1.0	1/4	1/4	3/4	1	1	1/4	1/4	1		-1	77	F5	5	54
11	9	29	9b	75	27	1.0	1/2	1/2	3/4	2	1	1/4	1/4	1		0	60	C4	4	58
11	9	29	9b	75	27	1.0	1/2	1/2	3/4	1	1	1/4	1/4	1		4	76	E5	5	55
12	10	30	10b	76	28	1.0	0	0	3/4	2	1	1/4	1/4	1		5	59	B3	3	63
12	10	30	10b	76	28	1.0	0	0	3/4	1	1	1/4	1/4	1		2	74	D5	5	59
12	10	30	10b	77	29	1.0	1/4	1/4	3/4	2	1	1/4	1/4	1		3	57	A3	3	64
12	10	30	10b	77	29	1.0	1/4	1/4	3/4	1	1	1/4	1/4	1		0	72	C5	5	60
12	10	30	10b	78	30	0.5	1/2	1/2	3/4	2	1	1/8	1/8	1		3	57	A3	3	65
12	10	30	10b	78	30	0.5	1/2	1/2	3/4	1	1	1/8	1/8	1		0	72	C5	5	61
12	10	30	10b	157/2	61/2	0.5	5/8	5/8	3/4	2	1	1/8	1/8	1		6	54	F#3	3	66
12	10	30	10b	157/2	61/2	0.5	5/8	5/8	3/4	1	1	1/8	1/8	1		3	69	A4	4	62
13	11	31	11b	79	31	1.0	0	0	3/4	2	1	1/4	1/4	1		2	50	D3	3	70
13	11	31	11b	79	31	1.0	0	0	3/4	1	1	1/4	1/4	1		6	66	F#4	4	67
13	11	31	11b	80	32	1.0	1/4	1/4	3/4	2	1	1/4	1/4	1		0	60	C4	4	71
13	11	31	11b	80	32	1.0	1/4	1/4	3/4	1	1	1/4	1/4	1		4	76	E5	5	68
13	11	31	11b	81	33	1.0	1/2	1/2	3/4	2	1	1/4	1/4	1		5	59	B3	3	72
13	11	31	11b	81	33	1.0	1/2	1/2	3/4	1	1	1/4	1/4	1		2	74	D5	5	69
14	12	32	12b	82	34	1.0	0	0	3/4	2	1	1/4	1/4	1		3	57	A3	3	77
14	12	32	12b	82	34	1.0	0	0	3/4	1	1	1/4	1/4	1		0	72	C5	5	73
14	12	32	12b	83	35	1.0	1/4	1/4	3/4	2	1	1/4	1/4	1		1	55	G3	3	78
14	12	32	12b	83	35	1.0	1/4	1/4	3/4	1	1	1/4	1/4	1		5	71	B4	4	74
14	12	32	12b	84	36	0.5	1/2	1/2	3/4	1	1	1/8	1/8	1		4	76	E5	5	75
14	12	32	12b	169/2	73/2	0.5	5/8	5/8	3/4	1	1	1/8	1/8	1		0	72	C5	5	76
15	13	33	13b	85	37	2.0	0	0	3/4	2	1	1/2	1/2	1		0	60	C4	4	83
15	13	33	13b	85	37	1.0	0	0	3/4	1	1	1/4	1/4	1		3	69	A4	4	79
15	13	33	13b	86	38	0.5	1/4	1/4	3/4	1	1	1/8	1/8	1		0	72	C5	5	80
15	13	33	13b	173/2	77/2	0.5	3/8	3/8	3/4	1	1	1/8	1/8	1		3	69	A4	4	81
15	13	33	13b	87	39	1.0	1/2	1/2	3/4	2	1	1/4	1/4	1		3	57	A3	3	84
15	13	33	13b	87	39	1.0	1/2	1/2	3/4	1	1	1/4	1/4	1		6	66	F#4	4	82
16	14	34	14b	88	40	1.0	0	0	3/4	2	1	1/4	1/4	1		6	54	F#3	3	90
16	14	34	14b	88	40	0.5	0	0	3/4	1	1	1/8	1/8	1		2	62	D4	4	85
16	14	34	14b	177/2	81/2	0.5	1/8	1/8	3/4	1	1	1/8	1/8	1		6	66	F#4	4	86
16	14	34	14b	89	41	1.0	1/4	1/4	3/4	2	1	1/4	1/4	1		2	50	D3	3	91
16	14	34	14b	89	41	0.5	1/4	1/4	3/4	1	1	1/8	1/8	1		3	69	A4	4	87
16	14	34	14b	179/2	83/2	0.5	3/8	3/8	3/4	1	1	1/8	1/8	1		0	72	C5	5	88
16	14	34	14b	90	42	1.0	1/2	1/2	3/4	2	1	1/4	1/4	1		1	55	G3	3	92
16	14	34	14b	90	42	1.0	1/2	1/2	3/4	1	1	1/4	1/4	1		5	71	B4	4	89
17	15	35	15b	91	43	1.0	0	0	3/4	2	1	1/4	1/4	1		0	60	C4	4	98
17	15	35	15b	91	43	0.3333333333333333	0	0	3/4	1	1	1/12	1/8	2/3		4	76	E5	5	93
17	15	35	15b	274/3	130/3	0.3333333333333333	1/12	1/12	3/4	1	1	1/12	1/8	2/3		0	72	C5	5	94
17	15	35	15b	275/3	131/3	0.3333333333333333	1/6	1/6	3/4	1	1	1/12	1/8	2/3		3	69	A4	4	95
17	15	35	15b	92	44	1.0	1/4	1/4	3/4	2	1	1/4	1/4	1		2	62	D4	4	99
17	15	35	15b	92	44	1.0	1/4	1/4	3/4	1	1	1/4	1/4	1		1	67	G4	4	96
17	15	35	15b	93	45	1.0	1/2	1/2	3/4	2	1	1/4	1/4	1		2	50	D3	3	100
17	15	35	15b	93	45	1.0	1/2	1/2	3/4	1	1	1/4	1/4	1		6	66	F#4	4	97
18	16	36	16b	94	46	2.0	0	0	3/4	2	1	1/2	1/2	1		1	55	G3	3	102
18	16	36	16b	94	46	2.0	0	0	3/4	1	1	1/2	1/2	1		1	67	G4	4	101
19	16	37	16b	96	48	0.5	0	1/2	3/4	2	1	1/8	1/8	1		0	48	C3	3	105
19	16	37	16b	96	48	0.5	0	1/2	3/4	1	1	1/8	1/8	1		0	72	C5	5	103
19	16	37	16b	193/2	97/2	0.5	1/8	5/8	3/4	2	1	1/8	1/8	1		4	52	E3	3	106
19	16	37	16b	193/2	97/2	0.5	1/8	5/8	3/4	1	1	1/8	1/8	1		1	67	G4	4	104
20	17	38	17a	97	49	1.0	0	0	3/4	2	2	1/4	1/4	1		0	48	C3	3	114
20	17	38	17a	97	49	1.0	0	0	3/4	2	1	1/4	1/4	1		1	55	G3	3	111
20	17	38	17a	97	49	1.0	0	0	3/4	1	1	1/4	1/4	1		4	64	E4	4	107
20	17	38	17a	98	50	1.0	1/4	1/4	3/4	2	2	1/4	1/4	1		0	48	C3	3	115
20	17	38	17a	98	50	1.0	1/4	1/4	3/4	2	1	1/4	1/4	1		1	55	G3	3	112
20	17	38	17a	98	50	1.0	1/4	1/4	3/4	1	1	1/4	1/4	1		4	64	E4	4	108
20	17	38	17a	99	51	0.5	1/2	1/2	3/4	2	2	1/8	1/8	1		5	47	B2	2	116
20	17	38	17a	99	51	1.0	1/2	1/2	3/4	2	1	1/4	1/4	1		1	55	G3	3	113
20	17	38	17a	99	51	0.5	1/2	1/2	3/4	1	1	1/8	1/8	1		2	62	D4	4	109
20	17	38	17a	199/2	103/2	0.5	5/8	5/8	3/4	2	2	1/8	1/8	1		0	48	C3	3	117
20	17	38	17a	199/2	103/2	0.5	5/8	5/8	3/4	1	1	1/8	1/8	1		4	64	E4	4	110
21	18	39	18a	100	52	1.0	0	0	3/4	2	2	1/4	1/4	1		0	48	C3	3	124
21	18	39	18a	100	52	2.0	0	0	3/4	2	1	1/2	1/2	1		1	55	G3	3	122
21	18	39	18a	100	52	1.0	0	0	3/4	1	1	1/4	1/4	1		4	64	E4	4	118
21	18	39	18a	101	53	1.0	1/4	1/4	3/4	2	2	1/4	1/4	1		2	50	D3	3	125
21	18	39	18a	101	53	1.0	1/4	1/4	3/4	1	1	1/4	1/4	1		-1	65	F4	4	119
21	18	39	18a	102	54	0.5	1/2	1/2	3/4	2	2	1/8	1/8	1		5	47	B2	2	126
21	18	39	18a	102	54	1.0	1/2	1/2	3/4	2	1	1/4	1/4	1		1	55	G3	3	123
21	18	39	18a	102	54	0.5	1/2	1/2	3/4	1	1	1/8	1/8	1		2	74	D5	5	120
21	18	39	18a	205/2	109/2	0.5	5/8	5/8	3/4	2	2	1/8	1/8	1		2	50	D3	3	127
21	18	39	18a	205/2	109/2	0.5	5/8	5/8	3/4	1	1	1/8	1/8	1		5	71	B4	4	121
22	19	40	19a	103	55	1.0	0	0	3/4	2	2	1/4	1/4	1		5	47	B2	2	135
22	19	40	19a	103	55	1.0	0	0	3/4	2	1	1/4	1/4	1		1	55	G3	3	132
22	19	40	19a	103	55	1.0	0	0	3/4	1	1	1/4	1/4	1		-1	65	F4	4	128
22	19	40	19a	104	56	1.0	1/4	1/4	3/4	2	2	1/4	1/4	1		5	47	B2	2	136
22	19	40	19a	104	56	1.0	1/4	1/4	3/4	2	1	1/4	1/4	1		1	55	G3	3	133
22	19	40	19a	104	56	1.0	1/4	1/4	3/4	1	1	1/4	1/4	1		-1	65	F4	4	129
22	19	40	19a	105	57	1.0	1/2	1/2	3/4	2	2	1/4	1/4	1		5	47	B2	2	137
22	19	40	19a	105	57	1.0	1/2	1/2	3/4	2	1	1/4	1/4	1		1	55	G3	3	134
22	19	40	19a	105	57	0.5	1/2	1/2	3/4	1	1	1/8	1/8	1		4	64	E4	4	130
22	19	40	19a	211/2	115/2	0.5	5/8	5/8	3/4	1	1	1/8	1/8	1		2	62	D4	4	131
23	20	41	20a	106	58	2.0	0	0	3/4	2	2	1/2	1/2	1		0	48	C3	3	149
23	20	41	20a	106	58	2.0	0	0	3/4	2	1	1/2	1/2	1		1	55	G3	3	144
23	20	41	20a	106	58	1.0	0	0	3/4	1	1	1/4	1/4	1		2	62	D4	4	138
23	20	41	20a	107	59	1.0	1/4	1/4	3/4	1	1	1/4	1/4	1		4	64	E4	4	139
23	20	41	20a	108	60	0.25	1/2	1/2	3/4	2	1	1/16	1/16	1		0	60	C4	4	145
23	20	41	20a	108	60	0.25	1/2	1/2	3/4	1	1	1/16	1/16	1		4	76	E5	5	140
23	20	41	20a	433/4	241/4	0.25	9/16	9/16	3/4	2	1	1/16	1/16	1		5	59	B3	3	146
23	20	41	20a	433/4	241/4	0.25	9/16	9/16	3/4	1	1	1/16	1/16	1		2	74	D5	5	141
23	20	41	20a	217/2	121/2	0.25	5/8	5/8	3/4	2	1	1/16	1/16	1		3	57	A3	3	147
23	20	41	20a	217/2	121/2	0.25	5/8	5/8	3/4	1	1	1/16	1/16	1		0	72	C5	5	142
23	20	41	20a	435/4	243/4	0.25	11/16	11/16	3/4	2	1	1/16	1/16	1		1	55	G3	3	148
23	20	41	20a	435/4	243/4	0.25	11/16	11/16	3/4	1	1	1/16	1/16	1		5	71	B4	4	143
24	21	42	21a	109	61	2.0	0	0	3/4	2	1	1/2	1/2	1		6	54	F#3	3	156
24	21	42	21a	109	61	1.0	0	0	3/4	1	1	1/4	1/4	1		3	69	A4	4	150
24	21	42	21a	110	62	1.0	1/4	1/4	3/4	1	1	1/4	1/4	1		3	81	A5	5	151
24	21	42	21a	111	63	0.25	1/2	1/2	3/4	2	1	1/16	1/16	1		5	59	B3	3	157
24	21	42	21a	111	63	0.25	1/2	1/2	3/4	1	1	1/16	1/16	1		2	74	D5	5	152
24	21	42	21a	445/4	253/4	0.25	9/16	9/16	3/4	2	1	1/16	1/16	1		3	57	A3	3	158
24	21	42	21a	445/4	253/4	0.25	9/16	9/16	3/4	1	1	1/16	1/16	1		0	72	C5	5	153
24	21	42	21a	223/2	127/2	0.25	5/8	5/8	3/4	2	1	1/16	1/16	1		1	55	G3	3	159
24	21	42	21a	223/2	127/2	0.25	5/8	5/8	3/4	1	1	1/16	1/16	1		5	71	B4	4	154
24	21	42	21a	447/4	255/4	0.25	11/16	11/16	3/4	2	1	1/16	1/16	1		6	54	F#3	3	160
24	21	42	21a	447/4	255/4	0.25	11/16	11/16	3/4	1	1	1/16	1/16	1		3	69	A4	4	155
25	22	43	22a	112	64	2.0	0	0	3/4	2	1	1/2	1/2	1		4	52	E3	3	167
25	22	43	22a	112	64	1.0	0	0	3/4	1	1	1/4	1/4	1		1	67	G4	4	161
25	22	43	22a	113	65	1.0	1/4	1/4	3/4	1	1	1/4	1/4	1		1	79	G5	5	162
25	22	43	22a	114	66	1.0	1/2	1/2	3/4	2	1	1/4	1/4	1		5	59	B3	3	168
25	22	43	22a	114	66	0.25	1/2	1/2	3/4	1	1	1/16	1/16	1		2	74	D5	5	163
25	22	43	22a	457/4	265/4	0.25	9/16	9/16	3/4	1	1	1/16	1/16	1		5	71	B4	4	164
25	22	43	22a	229/2	133/2	0.25	5/8	5/8	3/4	1	1	1/16	1/16	1		3	69	A4	4	165
25	22	43	22a	459/4	267/4	0.25	11/16	11/16	3/4	1	1	1/16	1/16	1		1	67	G4	4	166
26	23	44	23a	115	67	1.0	0	0	3/4	2	1	1/4	1/4	1		0	60	C4	4	172
26	23	44	23a	115	67	1.0	0	0	3/4	1	1	1/4	1/4	1		4	76	E5	5	169
26	23	44	23a	116	68	1.0	1/4	1/4	3/4	2	1	1/4	1/4	1		2	62	D4	4	173
26	23	44	23a	116	68	1.0	1/4	1/4	3/4	1	1	1/4	1/4	1		2	74	D5	5	170
26	23	44	23a	117	69	1.0	1/2	1/2	3/4	2	1	1/4	1/4	1		2	50	D3	3	174
26	23	44	23a	117	69	1.0	1/2	1/2	3/4	1	1	1/4	1/4	1		6	66	F#4	4	171
27	24	45	24a	118	70	2.0	0	0	3/4	2	1	1/2	1/2	1		1	55	G3	3	177
27	24	45	24a	118	70	1.0	0	0	3/4	1	1	1/4	1/4	1		3	69	A4	4	175
27	24	45	24a	119	71	1.0	1/4	1/4	3/4	1	1	1/4	1/4	1		1	67	G4	4	176
19	16	46	24a	120	48	0.5	0	1/2	3/4	2	1	1/8	1/8	1		0	48	C3	3	105
19	16	46	24a	120	48	0.5	0	1/2	3/4	1	1	1/8	1/8	1		0	72	C5	5	103
19	16	46	24a	241/2	97/2	0.5	1/8	5/8	3/4	2	1	1/8	1/8	1		4	52	E3	3	106
19	16	46	24a	241/2	97/2	0.5	1/8	5/8	3/4	1	1	1/8	1/8	1		1	67	G4	4	104
20	17	47	17b	121	49	1.0	0	0	3/4	2	2	1/4	1/4	1		0	48	C3	3	114
20	17	47	17b	121	49	1.0	0	0	3/4	2	1	1/4	1/4	1		1	55	G3	3	111
20	17	47	17b	121	49	1.0	0	0	3/4	1	1	1/4	1/4	1		4	64	E4	4	107
20	17	47	17b	122	50	1.0	1/4	1/4	3/4	2	2	1/4	1/4	1		0	48	C3	3	115
20	17	47	17b	122	50	1.0	1/4	1/4	3/4	2	1	1/4	1/4	1		1	55	G3	3	112
20	17	47	17b	122	50	1.0	1/4	1/4	3/4	1	1	1/4	1/4	1		4	64	E4	4	108
20	17	47	17b	123	51	0.5	1/2	1/2	3/4	2	2	1/8	1/8	1		5	47	B2	2	116
20	17	47	17b	123	51	1.0	1/2	1/2	3/4	2	1	1/4	1/4	1		1	55	G3	3	113
20	17	47	17b	123	51	0.5	1/2	1/2	3/4	1	1	1/8	1/8	1		2	62	D4	4	109
20	17	47	17b	247/2	103/2	0.5	5/8	5/8	3/4	2	2	1/8	1/8	1		0	48	C3	3	117
20	17	47	17b	247/2	103/2	0.5	5/8	5/8	3/4	1	1	1/8	1/8	1		4	64	E4	4	110
21	18	48	18b	124	52	1.0	0	0	3/4	2	2	1/4	1/4	1		0	48	C3	3	124
21	18	48	18b	124	52	2.0	0	0	3/4	2	1	1/2	1/2	1		1	55	G3	3	122
21	18	48	18b	124	52	1.0	0	0	3/4	1	1	1/4	1/4	1		4	64	E4	4	118
21	18	48	18b	125	53	1.0	1/4	1/4	3/4	2	2	1/4	1/4	1		2	50	D3	3	125
21	18	48	18b	125	53	1.0	1/4	1/4	3/4	1	1	1/4	1/4	1		-1	65	F4	4	119
21	18	48	18b	126	54	0.5	1/2	1/2	3/4	2	2	1/8	1/8	1		5	47	B2	2	126
21	18	48	18b	126	54	1.0	1/2	1/2	3/4	2	1	1/4	1/4	1		1	55	G3	3	123
21	18	48	18b	126	54	0.5	1/2	1/2	3/4	1	1	1/8	1/8	1		2	74	D5	5	120
21	18	48	18b	253/2	109/2	0.5	5/8	5/8	3/4	2	2	1/8	1/8	1		2	50	D3	3	127
21	18	48	18b	253/2	109/2	0.5	5/8	5/8	3/4	1	1	1/8	1/8	1		5	71	B4	4	121
22	19	49	19b	127	55	1.0	0	0	3/4	2	2	1/4	1/4	1		5	47	B2	2	135
22	19	49	19b	127	55	1.0	0	0	3/4	2	1	1/4	1/4	1		1	55	G3	3	132
22	19	49	19b	127	55	1.0	0	0	3/4	1	1	1/4	1/4	1		-1	65	F4	4	128
22	19	49	19b	128	56	1.0	1/4	1/4	3/4	2	2	1/4	1/4	1		5	47	B2	2	136
22	19	49	19b	128	56	1.0	1/4	1/4	3/4	2	1	1/4	1/4	1		1	55	G3	3	133
22	19	49	19b	128	56	1.0	1/4	1/4	3/4	1	1	1/4	1/4	1		-1	65	F4	4	129
22	19	49	19b	129	57	1.0	1/2	1/2	3/4	2	2	1/4	1/4	1		5	47	B2	2	137
22	19	49	19b	129	57	1.0	1/2	1/2	3/4	2	1	1/4	1/4	1		1	55	G3	3	134
22	19	49	19b	129	57	0.5	1/2	1/2	3/4	1	1	1/8	1/8	1		4	64	E4	4	130
22	19	49	19b	259/2	115/2	0.5	5/8	5/8	3/4	1	1	1/8	1/8	1		2	62	D4	4	131
23	20	50	20b	130	58	2.0	0	0	3/4	2	2	1/2	1/2	1		0	48	C3	3	149
23	20	50	20b	130	58	2.0	0	0	3/4	2	1	1/2	1/2	1		1	55	G3	3	144
23	20	50	20b	130	58	1.0	0	0	3/4	1	1	1/4	1/4	1		2	62	D4	4	138
23	20	50	20b	131	59	1.0	1/4	1/4	3/4	1	1	1/4	1/4	1		4	64	E4	4	139
23	20	50	20b	132	60	0.25	1/2	1/2	3/4	2	1	1/16	1/16	1		0	60	C4	4	145
23	20	50	20b	132	60	0.25	1/2	1/2	3/4	1	1	1/16	1/16	1		4	76	E5	5	140
23	20	50	20b	529/4	241/4	0.25	9/16	9/16	3/4	2	1	1/16	1/16	1		5	59	B3	3	146
23	20	50	20b	529/4	241/4	0.25	9/16	9/16	3/4	1	1	1/16	1/16	1		2	74	D5	5	141
23	20	50	20b	265/2	121/2	0.25	5/8	5/8	3/4	2	1	1/16	1/16	1		3	57	A3	3	147
23	20	50	20b	265/2	121/2	0.25	5/8	5/8	3/4	1	1	1/16	1/16	1		0	72	C5	5	142
23	20	50	20b	531/4	243/4	0.25	11/16	11/16	3/4	2	1	1/16	1/16	1		1	55	G3	3	148
23	20	50	20b	531/4	243/4	0.25	11/16	11/16	3/4	1	1	1/16	1/16	1		5	71	B4	4	143
24	21	51	21b	133	61	2.0	0	0	3/4	2	1	1/2	1/2	1		6	54	F#3	3	156
24	21	51	21b	133	61	1.0	0	0	3/4	1	1	1/4	1/4	1		3	69	A4	4	150
24	21	51	21b	134	62	1.0	1/4	1/4	3/4	1	1	1/4	1/4	1		3	81	A5	5	151
24	21	51	21b	135	63	0.25	1/2	1/2	3/4	2	1	1/16	1/16	1		5	59	B3	3	157
24	21	51	21b	135	63	0.25	1/2	1/2	3/4	1	1	1/16	1/16	1		2	74	D5	5	152
24	21	51	21b	541/4	253/4	0.25	9/16	9/16	3/4	2	1	1/16	1/16	1		3	57	A3	3	158
24	21	51	21b	541/4	253/4	0.25	9/16	9/16	3/4	1	1	1/16	1/16	1		0	72	C5	5	153
24	21	51	21b	271/2	127/2	0.25	5/8	5/8	3/4	2	1	1/16	1/16	1		1	55	G3	3	159
24	21	51	21b	271/2	127/2	0.25	5/8	5/8	3/4	1	1	1/16	1/16	1		5	71	B4	4	154
24	21	51	21b	543/4	255/4	0.25	11/16	11/16	3/4	2	1	1/16	1/16	1		6	54	F#3	3	160
24	21	51	21b	543/4	255/4	0.25	11/16	11/16	3/4	1	1	1/16	1/16	1		3	69	A4	4	155
25	22	52	22b	136	64	2.0	0	0	3/4	2	1	1/2	1/2	1		4	52	E3	3	167
25	22	52	22b	136	64	1.0	0	0	3/4	1	1	1/4	1/4	1		1	67	G4	4	161
25	22	52	22b	137	65	1.0	1/4	1/4	3/4	1	1	1/4	1/4	1		1	79	G5	5	162
25	22	52	22b	138	66	1.0	1/2	1/2	3/4	2	1	1/4	1/4	1		5	59	B3	3	168
25	22	52	22b	138	66	0.25	1/2	1/2	3/4	1	1	1/16	1/16	1		2	74	D5	5	163
25	22	52	22b	553/4	265/4	0.25	9/16	9/16	3/4	1	1	1/16	1/16	1		5	71	B4	4	164
25	22	52	22b	277/2	133/2	0.25	5/8	5/8	3/4	1	1	1/16	1/16	1		3	69	A4	4	165
25	22	52	22b	555/4	267/4	0.25	11/16	11/16	3/4	1	1	1/16	1/16	1		1	67	G4	4	166
26	23	53	23b	139	67	1.0	0	0	3/4	2	1	1/4	1/4	1		0	60	C4	4	172
26	23	53	23b	139	67	1.0	0	0	3/4	1	1	1/4	1/4	1		4	76	E5	5	169
26	23	53	23b	140	68	1.0	1/4	1/4	3/4	2	1	1/4	1/4	1		2	62	D4	4	173
26	23	53	23b	140	68	1.0	1/4	1/4	3/4	1	1	1/4	1/4	1		2	74	D5	5	170
26	23	53	23b	141	69	1.0	1/2	1/2	3/4	2	1	1/4	1/4	1		2	50	D3	3	174
26	23	53	23b	141	69	1.0	1/2	1/2	3/4	1	1	1/4	1/4	1		6	66	F#4	4	171
27	24	54	24b	142	70	2.0	0	0	3/4	2	1	1/2	1/2	1		1	55	G3	3	177
27	24	54	24b	142	70	1.0	0	0	3/4	1	1	1/4	1/4	1		3	69	A4	4	175
27	24	54	24b	143	71	1.0	1/4	1/4	3/4	1	1	1/4	1/4	1		1	67	G4	4	176
28	24	55	24b	144	72	0.5	0	1/2	3/4	2	1	1/8	1/8	1		4	52	E3	3	180
28	24	55	24b	144	72	0.5	0	1/2	3/4	1	1	1/8	1/8	1		1	79	G5	5	178
28	24	55	24b	289/2	145/2	0.5	1/8	5/8	3/4	2	1	1/8	1/8	1		1	55	G3	3	181
28	24	55	24b	289/2	145/2	0.5	1/8	5/8	3/4	1	1	1/8	1/8	1		4	76	E5	5	179
29	25	56	25a	145	73	1.0	0	0	3/4	2	1	1/4	1/4	1		3	57	A3	3	187
29	25	56	25a	145	73	1.0	0	0	3/4	2	2	1/4	1/4	1		3	57	A3	3	190
29	25	56	25a	145	73	0.5	0	0	3/4	1	1	1/8	1/8	1		7	73	C#5	5	182
29	25	56	25a	291/2	147/2	0.5	1/8	1/8	3/4	1	1	1/8	1/8	1		7	73	C#5	5	183
29	25	56	25a	146	74	1.0	1/4	1/4	3/4	2	2	1/4	1/4	1		1	55	G3	3	191
29	25	56	25a	146	74	1.0	1/4	1/4	3/4	2	1	1/4	1/4	1		3	57	A3	3	188
29	25	56	25a	146	74	1.0	1/4	1/4	3/4	1	1	1/4	1/4	1		7	73	C#5	5	184
29	25	56	25a	147	75	0.5	1/2	1/2	3/4	2	2	1/8	1/8	1		-1	53	F3	3	192
29	25	56	25a	147	75	1.0	1/2	1/2	3/4	2	1	1/4	1/4	1		3	57	A3	3	189
29	25	56	25a	147	75	0.5	1/2	1/2	3/4	1	1	1/8	1/8	1		2	74	D5	5	185
29	25	56	25a	295/2	151/2	0.5	5/8	5/8	3/4	2	2	1/8	1/8	1		4	52	E3	3	193
29	25	56	25a	295/2	151/2	0.5	5/8	5/8	3/4	1	1	1/8	1/8	1		4	76	E5	5	186
30	26	57	26a	148	76	1.0	0	0	3/4	2	2	1/4	1/4	1		4	52	E3	3	200
30	26	57	26a	148	76	2.0	0	0	3/4	2	1	1/2	1/2	1		3	57	A3	3	198
30	26	57	26a	148	76	1.0	0	0	3/4	1	1	1/4	1/4	1		4	76	E5	5	194
30	26	57	26a	149	77	1.0	1/4	1/4	3/4	2	2	1/4	1/4	1		2	50	D3	3	201
30	26	57	26a	149	77	1.0	1/4	1/4	3/4	1	1	1/4	1/4	1		-1	77	F5	5	195
30	26	57	26a	150	78	0.5	1/2	1/2	3/4	2	2	1/8	1/8	1		2	50	D3	3	202
30	26	57	26a	150	78	1.0	1/2	1/2	3/4	2	1	1/4	1/4	1		3	57	A3	3	199
30	26	57	26a	150	78	0.5	1/2	1/2	3/4	1	1	1/8	1/8	1		-1	77	F5	5	196
30	26	57	26a	301/2	157/2	0.5	5/8	5/8	3/4	2	2	1/8	1/8	1		-1	53	F3	3	203
30	26	57	26a	301/2	157/2	0.5	5/8	5/8	3/4	1	1	1/8	1/8	1		2	74	D5	5	197
31	27	58	27a	151	79	1.0	0	0	3/4	2	1	1/4	1/4	1		1	55	G3	3	208
31	27	58	27a	151	79	1.0	0	0	3/4	2	2	1/4	1/4	1		1	55	G3	3	211
31	27	58	27a	151	79	1.0	0	0	3/4	1	1	1/4	1/4	1		5	71	B4	4	204
31	27	58	27a	152	80	1.0	1/4	1/4	3/4	2	2	1/4	1/4	1		-1	53	F3	3	212
31	27	58	27a	152	80	1.0	1/4	1/4	3/4	2	1	1/4	1/4	1		1	55	G3	3	209
31	27	58	27a	152	80	1.0	1/4	1/4	3/4	1	1	1/4	1/4	1		5	71	B4	4	205
31	27	58	27a	153	81	0.5	1/2	1/2	3/4	2	2	1/8	1/8	1		4	52	E3	3	213
31	27	58	27a	153	81	1.0	1/2	1/2	3/4	2	1	1/4	1/4	1		1	55	G3	3	210
31	27	58	27a	153	81	0.5	1/2	1/2	3/4	1	1	1/8	1/8	1		0	72	C5	5	206
31	27	58	27a	307/2	163/2	0.5	5/8	5/8	3/4	2	2	1/8	1/8	1		2	50	D3	3	214
31	27	58	27a	307/2	163/2	0.5	5/8	5/8	3/4	1	1	1/8	1/8	1		2	74	D5	5	207
32	28	59	28a	154	82	1.0	0	0	3/4	2	2	1/4	1/4	1		2	50	D3	3	226
32	28	59	28a	154	82	2.0	0	0	3/4	2	1	1/2	1/2	1		1	55	G3	3	221
32	28	59	28a	154	82	1.0	0	0	3/4	1	1	1/4	1/4	1		2	74	D5	5	215
32	28	59	28a	155	83	1.0	1/4	1/4	3/4	2	2	1/4	1/4	1		0	48	C3	3	227
32	28	59	28a	155	83	1.0	1/4	1/4	3/4	1	1	1/4	1/4	1		4	76	E5	5	216
32	28	59	28a	156	84	0.25	1/2	1/2	3/4	2	1	1/16	1/16	1		-1	65	F4	4	222
32	28	59	28a	156	84	0.25	1/2	1/2	3/4	1	1	1/16	1/16	1		3	81	A5	5	217
32	28	59	28a	625/4	337/4	0.25	9/16	9/16	3/4	2	1	1/16	1/16	1		4	64	E4	4	223
32	28	59	28a	625/4	337/4	0.25	9/16	9/16	3/4	1	1	1/16	1/16	1		1	79	G5	5	218
32	28	59	28a	313/2	169/2	0.25	5/8	5/8	3/4	2	1	1/16	1/16	1		2	62	D4	4	224
32	28	59	28a	313/2	169/2	0.25	5/8	5/8	3/4	1	1	1/16	1/16	1		-1	77	F5	5	219
32	28	59	28a	627/4	339/4	0.25	11/16	11/16	3/4	2	1	1/16	1/16	1		0	60	C4	4	225
32	28	59	28a	627/4	339/4	0.25	11/16	11/16	3/4	1	1	1/16	1/16	1		4	76	E5	5	220
33	29	60	29a	157	85	2.0	0	0	3/4	2	1	1/2	1/2	1		5	59	B3	3	234
33	29	60	29a	157	85	1.0	0	0	3/4	1	1	1/4	1/4	1		2	74	D5	5	228
33	29	60	29a	158	86	1.0	1/4	1/4	3/4	1	1	1/4	1/4	1		2	86	D6	6	229
33	29	60	29a	159	87	0.25	1/2	1/2	3/4	2	1	1/16	1/16	1		4	64	E4	4	235
33	29	60	29a	159	87	0.25	1/2	1/2	3/4	1	1	1/16	1/16	1		1	79	G5	5	230
33	29	60	29a	637/4	349/4	0.25	9/16	9/16	3/4	2	1	1/16	1/16	1		2	62	D4	4	236
33	29	60	29a	637/4	349/4	0.25	9/16	9/16	3/4	1	1	1/16	1/16	1		-1	77	F5	5	231
33	29	60	29a	319/2	175/2	0.25	5/8	5/8	3/4	2	1	1/16	1/16	1		0	60	C4	4	237
33	29	60	29a	319/2	175/2	0.25	5/8	5/8	3/4	1	1	1/16	1/16	1		4	76	E5	5	232
33	29	60	29a	639/4	351/4	0.25	11/16	11/16	3/4	2	1	1/16	1/16	1		5	59	B3	3	238
33	29	60	29a	639/4	351/4	0.25	11/16	11/16	3/4	1	1	1/16	1/16	1		2	74	D5	5	233
34	30	61	30a	160	88	2.0	0	0	3/4	2	1	1/2	1/2	1		3	57	A3	3	245
34	30	61	30a	160	88	1.0	0	0	3/4	1	1	1/4	1/4	1		0	72	C5	5	239
34	30	61	30a	161	89	1.0	1/4	1/4	3/4	1	1	1/4	1/4	1		0	84	C6	6	240
34	30	61	30a	162	90	1.0	1/2	1/2	3/4	2	1	1/4	1/4	1		4	52	E3	3	246
34	30	61	30a	162	90	0.25	1/2	1/2	3/4	1	1	1/16	1/16	1		1	79	G5	5	241
34	30	61	30a	649/4	361/4	0.25	9/16	9/16	3/4	1	1	1/16	1/16	1		4	76	E5	5	242
34	30	61	30a	325/2	181/2	0.25	5/8	5/8	3/4	1	1	1/16	1/16	1		2	74	D5	5	243
34	30	61	30a	651/4	363/4	0.25	11/16	11/16	3/4	1	1	1/16	1/16	1		0	72	C5	5	244
35	31	62	31a	163	91	1.0	0	0	3/4	2	1	1/4	1/4	1		-1	53	F3	3	250
35	31	62	31a	163	91	1.0	0	0	3/4	1	1	1/4	1/4	1		3	81	A5	5	247
35	31	62	31a	164	92	1.0	1/4	1/4	3/4	2	1	1/4	1/4	1		1	55	G3	3	251
35	31	62	31a	164	92	1.0	1/4	1/4	3/4	1	1	1/4	1/4	1		1	79	G5	5	248
35	31	62	31a	165	93	1.0	1/2	1/2	3/4	2	1	1/4	1/4	1		1	43	G2	2	252
35	31	62	31a	165	93	1.0	1/2	1/2	3/4	1	1	1/4	1/4	1		5	71	B4	4	249
36	32	63	32a	166	94	2.0	0	0	3/4	2	1	1/2	1/2	1		0	48	C3	3	255
36	32	63	32a	166	94	1.0	0	0	3/4	1	1	1/4	1/4	1		2	74	D5	5	253
36	32	63	32a	167	95	1.0	1/4	1/4	3/4	1	1	1/4	1/4	1		0	72	C5	5	254
28	24	64	32a	168	72	0.5	0	1/2	3/4	2	1	1/8	1/8	1		4	52	E3	3	180
28	24	64	32a	168	72	0.5	0	1/2	3/4	1	1	1/8	1/8	1		1	79	G5	5	178
28	24	64	32a	337/2	145/2	0.5	1/8	5/8	3/4	2	1	1/8	1/8	1		1	55	G3	3	181
28	24	64	32a	337/2	145/2	0.5	1/8	5/8	3/4	1	1	1/8	1/8	1		4	76	E5	5	179
29	25	65	25b	169	73	1.0	0	0	3/4	2	1	1/4	1/4	1		3	57	A3	3	187
29	25	65	25b	169	73	1.0	0	0	3/4	2	2	1/4	1/4	1		3	57	A3	3	190
29	25	65	25b	169	73	0.5	0	0	3/4	1	1	1/8	1/8	1		7	73	C#5	5	182
29	25	65	25b	339/2	147/2	0.5	1/8	1/8	3/4	1	1	1/8	1/8	1		7	73	C#5	5	183
29	25	65	25b	170	74	1.0	1/4	1/4	3/4	2	2	1/4	1/4	1		1	55	G3	3	191
29	25	65	25b	170	74	1.0	1/4	1/4	3/4	2	1	1/4	1/4	1		3	57	A3	3	188
29	25	65	25b	170	74	1.0	1/4	1/4	3/4	1	1	1/4	1/4	1		7	73	C#5	5	184
29	25	65	25b	171	75	0.5	1/2	1/2	3/4	2	2	1/8	1/8	1		-1	53	F3	3	192
29	25	65	25b	171	75	1.0	1/2	1/2	3/4	2	1	1/4	1/4	1		3	57	A3	3	189
29	25	65	25b	171	75	0.5	1/2	1/2	3/4	1	1	1/8	1/8	1		2	74	D5	5	185
29	25	65	25b	343/2	151/2	0.5	5/8	5/8	3/4	2	2	1/8	1/8	1		4	52	E3	3	193
29	25	65	25b	343/2	151/2	0.5	5/8	5/8	3/4	1	1	1/8	1/8	1		4	76	E5	5	186
30	26	66	26b	172	76	1.0	0	0	3/4	2	2	1/4	1/4	1		4	52	E3	3	200
30	26	66	26b	172	76	2.0	0	0	3/4	2	1	1/2	1/2	1		3	57	A3	3	198
30	26	66	26b	172	76	1.0	0	0	3/4	1	1	1/4	1/4	1		4	76	E5	5	194
30	26	66	26b	173	77	1.0	1/4	1/4	3/4	2	2	1/4	1/4	1		2	50	D3	3	201
30	26	66	26b	173	77	1.0	1/4	1/4	3/4	1	1	1/4	1/4	1		-1	77	F5	5	195
30	26	66	26b	174	78	0.5	1/2	1/2	3/4	2	2	1/8	1/8	1		2	50	D3	3	202
30	26	66	26b	174	78	1.0	1/2	1/2	3/4	2	1	1/4	1/4	1		3	57	A3	3	199
30	26	66	26b	174	78	0.5	1/2	1/2	3/4	1	1	1/8	1/8	1		-1	77	F5	5	196
30	26	66	26b	349/2	157/2	0.5	5/8	5/8	3/4	2	2	1/8	1/8	1		-1	53	F3	3	203
30	26	66	26b	349/2	157/2	0.5	5/8	5/8	3/4	1	1	1/8	1/8	1		2	74	D5	5	197
31	27	67	27b	175	79	1.0	0	0	3/4	2	1	1/4	1/4	1		1	55	G3	3	208
31	27	67	27b	175	79	1.0	0	0	3/4	2	2	1/4	1/4	1		1	55	G3	3	211
31	27	67	27b	175	79	1.0	0	0	3/4	1	1	1/4	1/4	1		5	71	B4	4	204
31	27	67	27b	176	80	1.0	1/4	1/4	3/4	2	2	1/4	1/4	1		-1	53	F3	3	212
31	27	67	27b	176	80	1.0	1/4	1/4	3/4	2	1	1/4	1/4	1		1	55	G3	3	209
31	27	67	27b	176	80	1.0	1/4	1/4	3/4	1	1	1/4	1/4	1		5	71	B4	4	205
31	27	67	27b	177	81	0.5	1/2	1/2	3/4	2	2	1/8	1/8	1		4	52	E3	3	213
31	27	67	27b	177	81	1.0	1/2	1/2	3/4	2	1	1/4	1/4	1		1	55	G3	3	210
31	27	67	27b	177	81	0.5	1/2	1/2	3/4	1	1	1/8	1/8	1		0	72	C5	5	206
31	27	67	27b	355/2	163/2	0.5	5/8	5/8	3/4	2	2	1/8	1/8	1		2	50	D3	3	214
31	27	67	27b	355/2	163/2	0.5	5/8	5/8	3/4	1	1	1/8	1/8	1		2	74	D5	5	207
32	28	68	28b	178	82	1.0	0	0	3/4	2	2	1/4	1/4	1		2	50	D3	3	226
32	28	68	28b	178	82	2.0	0	0	3/4	2	1	1/2	1/2	1		1	55	G3	3	221
32	28	68	28b	178	82	1.0	0	0	3/4	1	1	1/4	1/4	1		2	74	D5	5	215
32	28	68	28b	179	83	1.0	1/4	1/4	3/4	2	2	1/4	1/4	1		0	48	C3	3	227
32	28	68	28b	179	83	1.0	1/4	1/4	3/4	1	1	1/4	1/4	1		4	76	E5	5	216
32	28	68	28b	180	84	0.25	1/2	1/2	3/4	2	1	1/16	1/16	1		-1	65	F4	4	222
32	28	68	28b	180	84	0.25	1/2	1/2	3/4	1	1	1/16	1/16	1		3	81	A5	5	217
32	28	68	28b	721/4	337/4	0.25	9/16	9/16	3/4	2	1	1/16	1/16	1		4	64	E4	4	223
32	28	68	28b	721/4	337/4	0.25	9/16	9/16	3/4	1	1	1/16	1/16	1		1	79	G5	5	218
32	28	68	28b	361/2	169/2	0.25	5/8	5/8	3/4	2	1	1/16	1/16	1		2	62	D4	4	224
32	28	68	28b	361/2	169/2	0.25	5/8	5/8	3/4	1	1	1/16	1/16	1		-1	77	F5	5	219
32	28	68	28b	723/4	339/4	0.25	11/16	11/16	3/4	2	1	1/16	1/16	1		0	60	C4	4	225
32	28	68	28b	723/4	339/4	0.25	11/16	11/16	3/4	1	1	1/16	1/16	1		4	76	E5	5	220
33	29	69	29b	181	85	2.0	0	0	3/4	2	1	1/2	1/2	1		5	59	B3	3	234
33	29	69	29b	181	85	1.0	0	0	3/4	1	1	1/4	1/4	1		2	74	D5	5	228
33	29	69	29b	182	86	1.0	1/4	1/4	3/4	1	1	1/4	1/4	1		2	86	D6	6	229
33	29	69	29b	183	87	0.25	1/2	1/2	3/4	2	1	1/16	1/16	1		4	64	E4	4	235
33	29	69	29b	183	87	0.25	1/2	1/2	3/4	1	1	1/16	1/16	1		1	79	G5	5	230
33	29	69	29b	733/4	349/4	0.25	9/16	9/16	3/4	2	1	1/16	1/16	1		2	62	D4	4	236
33	29	69	29b	733/4	349/4	0.25	9/16	9/16	3/4	1	1	1/16	1/16	1		-1	77	F5	5	231
33	29	69	29b	367/2	175/2	0.25	5/8	5/8	3/4	2	1	1/16	1/16	1		0	60	C4	4	237
33	29	69	29b	367/2	175/2	0.25	5/8	5/8	3/4	1	1	1/16	1/16	1		4	76	E5	5	232
33	29	69	29b	735/4	351/4	0.25	11/16	11/16	3/4	2	1	1/16	1/16	1		5	59	B3	3	238
33	29	69	29b	735/4	351/4	0.25	11/16	11/16	3/4	1	1	1/16	1/16	1		2	74	D5	5	233
34	30	70	30b	184	88	2.0	0	0	3/4	2	1	1/2	1/2	1		3	57	A3	3	245
34	30	70	30b	184	88	1.0	0	0	3/4	1	1	1/4	1/4	1		0	72	C5	5	239
34	30	70	30b	185	89	1.0	1/4	1/4	3/4	1	1	1/4	1/4	1		0	84	C6	6	240
34	30	70	30b	186	90	1.0	1/2	1/2	3/4	2	1	1/4	1/4	1		4	52	E3	3	246
34	30	70	30b	186	90	0.25	1/2	1/2	3/4	1	1	1/16	1/16	1		1	79	G5	5	241
34	30	70	30b	745/4	361/4	0.25	9/16	9/16	3/4	1	1	1/16	1/16	1		4	76	E5	5	242
34	30	70	30b	373/2	181/2	0.25	5/8	5/8	3/4	1	1	1/16	1/16	1		2	74	D5	5	243
34	30	70	30b	747/4	363/4	0.25	11/16	11/16	3/4	1	1	1/16	1/16	1		0	72	C5	5	244
35	31	71	31b	187	91	1.0	0	0	3/4	2	1	1/4	1/4	1		-1	53	F3	3	250
35	31	71	31b	187	91	1.0	0	0	3/4	1	1	1/4	1/4	1		3	81	A5	5	247
35	31	71	31b	188	92	1.0	1/4	1/4	3/4	2	1	1/4	1/4	1		1	55	G3	3	251
35	31	71	31b	188	92	1.0	1/4	1/4	3/4	1	1	1/4	1/4	1		1	79	G5	5	248
35	31	71	31b	189	93	1.0	1/2	1/2	3/4	2	1	1/4	1/4	1		1	43	G2	2	252
35	31	71	31b	189	93	1.0	1/2	1/2	3/4	1	1	1/4	1/4	1		5	71	B4	4	249
36	32	72	32b	190	94	2.0	0	0	3/4	2	1	1/2	1/2	1		0	48	C3	3	255
36	32	72	32b	190	94	1.0	0	0	3/4	1	1	1/4	1/4	1		2	74	D5	5	253
36	32	72	32b	191	95	1.0	1/4	1/4	3/4	1	1	1/4	1/4	1		0	72	C5	5	254
1	0	73	32b	192	0	0.5	0	1/2	3/4	1	1	1/8	1/8	1		5	83	B5	5	0
1	0	73	32b	385/2	1/2	0.5	1/8	5/8	3/4	1	1	1/8	1/8	1		1	79	G5	5	1
2	1	74	1c	193	1	1.0	0	0	3/4	2	1	1/4	1/4	1		1	55	G3	3	5
2	1	74	1c	193	1	1.0	0	0	3/4	1	1	1/4	1/4	1		5	71	B4	4	2
2	1	74	1c	194	2	1.0	1/4	1/4	3/4	2	1	1/4	1/4	1		3	57	A3	3	6
2	1	74	1c	194	2	1.0	1/4	1/4	3/4	1	1	1/4	1/4	1		0	72	C5	5	3
2	1	74	1c	195	3	1.0	1/2	1/2	3/4	2	1	1/4	1/4	1		5	59	B3	3	7
2	1	74	1c	195	3	1.0	1/2	1/2	3/4	1	1	1/4	1/4	1		2	74	D5	5	4
3	2	75	2c	196	4	1.0	0	0	3/4	2	1	1/4	1/4	1		5	59	B3	3	12
3	2	75	2c	196	4	1.0	0	0	3/4	1	1	1/4	1/4	1		2	74	D5	5	8
3	2	75	2c	197	5	1.0	1/4	1/4	3/4	2	1	1/4	1/4	1		3	57	A3	3	13
3	2	75	2c	197	5	1.0	1/4	1/4	3/4	1	1	1/4	1/4	1		0	72	C5	5	9
3	2	75	2c	198	6	0.5	1/2	1/2	3/4	1	1	1/8	1/8	1		3	81	A5	5	10
3	2	75	2c	397/2	13/2	0.5	5/8	5/8	3/4	1	1	1/8	1/8	1		6	78	F#5	5	11
4	3	76	3c	199	7	1.0	0	0	3/4	2	1	1/4	1/4	1		6	54	F#3	3	17
4	3	76	3c	199	7	1.0	0	0	3/4	1	1	1/4	1/4	1		3	69	A4	4	14
4	3	76	3c	200	8	1.0	1/4	1/4	3/4	2	1	1/4	1/4	1		1	55	G3	3	18
4	3	76	3c	200	8	1.0	1/4	1/4	3/4	1	1	1/4	1/4	1		5	71	B4	4	15
4	3	76	3c	201	9	1.0	1/2	1/2	3/4	2	1	1/4	1/4	1		3	57	A3	3	19
4	3	76	3c	201	9	1.0	1/2	1/2	3/4	1	1	1/4	1/4	1		0	72	C5	5	16
5	4	77	4c	202	10	1.0	0	0	3/4	2	1	1/4	1/4	1		3	57	A3	3	24
5	4	77	4c	202	10	1.0	0	0	3/4	1	1	1/4	1/4	1		0	72	C5	5	20
5	4	77	4c	203	11	1.0	1/4	1/4	3/4	2	1	1/4	1/4	1		1	55	G3	3	25
5	4	77	4c	203	11	1.0	1/4	1/4	3/4	1	1	1/4	1/4	1		5	71	B4	4	21
5	4	77	4c	204	12	0.5	1/2	1/2	3/4	1	1	1/8	1/8	1		5	83	B5	5	22
5	4	77	4c	409/2	25/2	0.5	5/8	5/8	3/4	1	1	1/8	1/8	1		1	79	G5	5	23
6	5	78	5c	205	13	2.0	0	0	3/4	2	1	1/2	1/2	1		1	55	G3	3	30
6	5	78	5c	205	13	1.0	0	0	3/4	1	1	1/4	1/4	1		4	76	E5	5	26
6	5	78	5c	206	14	0.5	1/4	1/4	3/4	1	1	1/8	1/8	1		1	79	G5	5	27
6	5	78	5c	413/2	29/2	0.5	3/8	3/8	3/4	1	1	1/8	1/8	1		4	76	E5	5	28
6	5	78	5c	207	15	1.0	1/2	1/2	3/4	2	1	1/4	1/4	1		4	52	E3	3	31
6	5	78	5c	207	15	1.0	1/2	1/2	3/4	1	1	1/4	1/4	1		7	73	C#5	5	29
7	6	79	6c	208	16	1.0	0	0	3/4	2	1	1/4	1/4	1		7	49	C#3	3	37
7	6	79	6c	208	16	0.5	0	0	3/4	1	1	1/8	1/8	1		4	76	E5	5	32
7	6	79	6c	417/2	33/2	0.5	1/8	1/8	3/4	1	1	1/8	1/8	1		7	73	C#5	5	33
7	6	79	6c	209	17	1.0	1/4	1/4	3/4	2	1	1/4	1/4	1		3	45	A2	2	38
7	6	79	6c	209	17	0.5	1/4	1/4	3/4	1	1	1/8	1/8	1		3	69	A4	4	34
7	6	79	6c	419/2	35/2	0.5	3/8	3/8	3/4	1	1	1/8	1/8	1		1	67	G4	4	35
7	6	79	6c	210	18	1.0	1/2	1/2	3/4	2	1	1/4	1/4	1		2	50	D3	3	39
7	6	79	6c	210	18	1.0	1/2	1/2	3/4	1	1	1/4	1/4	1		6	66	F#4	4	36
8	7	80	7c	211	19	1.0	0	0	3/4	2	1	1/4	1/4	1		1	55	G3	3	45
8	7	80	7c	211	19	0.3333333333333333	0	0	3/4	1	1	1/12	1/8	2/3		5	71	B4	4	40
8	7	80	7c	634/3	58/3	0.3333333333333333	1/12	1/12	3/4	1	1	1/12	1/8	2/3		3	69	A4	4	41
8	7	80	7c	635/3	59/3	0.3333333333333333	1/6	1/6	3/4	1	1	1/12	1/8	2/3		1	67	G4	4	42
8	7	80	7c	212	20	1.0	1/4	1/4	3/4	2	1	1/4	1/4	1		3	57	A3	3	46
8	7	80	7c	212	20	1.0	1/4	1/4	3/4	1	1	1/4	1/4	1		6	66	F#4	4	43
8	7	80	7c	213	21	1.0	1/2	1/2	3/4	2	1	1/4	1/4	1		3	45	A2	2	47
8	7	80	7c	213	21	1.0	1/2	1/2	3/4	1	1	1/4	1/4	1		4	64	E4	4	44
9	8	81	8d	214	22	1.0	0	0	3/4	2	1	1/4	1/4	1		2	50	D3	3	49
9	8	81	8d	214	22	2.0	0	0	3/4	1	1	1/2	1/2	1		2	62	D4	4	48
9	8	81	8d	215	23	1.0	1/4	1/4	3/4	2	1	1/4	1/4	1		2	38	D2	2	50
10	8	82	8d	216	24	0.5	0	1/2	3/4	1	1	1/8	1/8	1		2	74	D5	5	51
10	8	82	8d	433/2	49/2	0.5	1/8	5/8	3/4	1	1	1/8	1/8	1		5	71	B4	4	52
11	9	83	9c	217	25	1.0	0	0	3/4	2	1	1/4	1/4	1		4	52	E3	3	56
11	9	83	9c	217	25	1.0	0	0	3/4	1	1	1/4	1/4	1		8	68	G#4	4	53
11	9	83	9c	218	26	1.0	1/4	1/4	3/4	2	1	1/4	1/4	1		2	62	D4	4	57
11	9	83	9c	218	26	1.0	1/4	1/4	3/4	1	1	1/4	1/4	1		-1	77	F5	5	54
11	9	83	9c	219	27	1.0	1/2	1/2	3/4	2	1	1/4	1/4	1		0	60	C4	4	58
11	9	83	9c	219	27	1.0	1/2	1/2	3/4	1	1	1/4	1/4	1		4	76	E5	5	55
12	10	84	10c	220	28	1.0	0	0	3/4	2	1	1/4	1/4	1		5	59	B3	3	63
12	10	84	10c	220	28	1.0	0	0	3/4	1	1	1/4	1/4	1		2	74	D5	5	59
12	10	84	10c	221	29	1.0	1/4	1/4	3/4	2	1	1/4	1/4	1		3	57	A3	3	64
12	10	84	10c	221	29	1.0	1/4	1/4	3/4	1	1	1/4	1/4	1		0	72	C5	5	60
12	10	84	10c	222	30	0.5	1/2	1/2	3/4	2	1	1/8	1/8	1		3	57	A3	3	65
12	10	84	10c	222	30	0.5	1/2	1/2	3/4	1	1	1/8	1/8	1		0	72	C5	5	61
12	10	84	10c	445/2	61/2	0.5	5/8	5/8	3/4	2	1	1/8	1/8	1		6	54	F#3	3	66
12	10	84	10c	445/2	61/2	0.5	5/8	5/8	3/4	1	1	1/8	1/8	1		3	69	A4	4	62
13	11	85	11c	223	31	1.0	0	0	3/4	2	1	1/4	1/4	1		2	50	D3	3	70
13	11	85	11c	223	31	1.0	0	0	3/4	1	1	1/4	1/4	1		6	66	F#4	4	67
13	11	85	11c	224	32	1.0	1/4	1/4	3/4	2	1	1/4	1/4	1		0	60	C4	4	71
13	11	85	11c	224	32	1.0	1/4	1/4	3/4	1	1	1/4	1/4	1		4	76	E5	5	68
13	11	85	11c	225	33	1.0	1/2	1/2	3/4	2	1	1/4	1/4	1		5	59	B3	3	72
13	11	85	11c	225	33	1.0	1/2	1/2	3/4	1	1	1/4	1/4	1		2	74	D5	5	69
14	12	86	12c	226	34	1.0	0	0	3/4	2	1	1/4	1/4	1		3	57	A3	3	77
14	12	86	12c	226	34	1.0	0	0	3/4	1	1	1/4	1/4	1		0	72	C5	5	73
14	12	86	12c	227	35	1.0	1/4	1/4	3/4	2	1	1/4	1/4	1		1	55	G3	3	78
14	12	86	12c	227	35	1.0	1/4	1/4	3/4	1	1	1/4	1/4	1		5	71	B4	4	74
14	12	86	12c	228	36	0.5	1/2	1/2	3/4	1	1	1/8	1/8	1		4	76	E5	5	75
14	12	86	12c	457/2	73/2	0.5	5/8	5/8	3/4	1	1	1/8	1/8	1		0	72	C5	5	76
15	13	87	13c	229	37	2.0	0	0	3/4	2	1	1/2	1/2	1		0	60	C4	4	83
15	13	87	13c	229	37	1.0	0	0	3/4	1	1	1/4	1/4	1		3	69	A4	4	79
15	13	87	13c	230	38	0.5	1/4	1/4	3/4	1	1	1/8	1/8	1		0	72	C5	5	80
15	13	87	13c	461/2	77/2	0.5	3/8	3/8	3/4	1	1	1/8	1/8	1		3	69	A4	4	81
15	13	87	13c	231	39	1.0	1/2	1/2	3/4	2	1	1/4	1/4	1		3	57	A3	3	84
15	13	87	13c	231	39	1.0	1/2	1/2	3/4	1	1	1/4	1/4	1		6	66	F#4	4	82
16	14	88	14c	232	40	1.0	0	0	3/4	2	1	1/4	1/4	1		6	54	F#3	3	90
16	14	88	14c	232	40	0.5	0	0	3/4	1	1	1/8	1/8	1		2	62	D4	4	85
16	14	88	14c	465/2	81/2	0.5	1/8	1/8	3/4	1	1	1/8	1/8	1		6	66	F#4	4	86
16	14	88	14c	233	41	1.0	1/4	1/4	3/4	2	1	1/4	1/4	1		2	50	D3	3	91
16	14	88	14c	233	41	0.5	1/4	1/4	3/4	1	1	1/8	1/8	1		3	69	A4	4	87
16	14	88	14c	467/2	83/2	0.5	3/8	3/8	3/4	1	1	1/8	1/8	1		0	72	C5	5	88
16	14	88	14c	234	42	1.0	1/2	1/2	3/4	2	1	1/4	1/4	1		1	55	G3	3	92
16	14	88	14c	234	42	1.0	1/2	1/2	3/4	1	1	1/4	1/4	1		5	71	B4	4	89
17	15	89	15c	235	43	1.0	0	0	3/4	2	1	1/4	1/4	1		0	60	C4	4	98
17	15	89	15c	235	43	0.3333333333333333	0	0	3/4	1	1	1/12	1/8	2/3		4	76	E5	5	93
17	15	89	15c	706/3	130/3	0.3333333333333333	1/12	1/12	3/4	1	1	1/12	1/8	2/3		0	72	C5	5	94
17	15	89	15c	707/3	131/3	0.3333333333333333	1/6	1/6	3/4	1	1	1/12	1/8	2/3		3	69	A4	4	95
17	15	89	15c	236	44	1.0	1/4	1/4	3/4	2	1	1/4	1/4	1		2	62	D4	4	99
17	15	89	15c	236	44	1.0	1/4	1/4	3/4	1	1	1/4	1/4	1		1	67	G4	4	96
17	15	89	15c	237	45	1.0	1/2	1/2	3/4	2	1	1/4	1/4	1		2	50	D3	3	100
17	15	89	15c	237	45	1.0	1/2	1/2	3/4	1	1	1/4	1/4	1		6	66	F#4	4	97
18	16	90	16d	238	46	2.0	0	0	3/4	2	1	1/2	1/2	1		1	55	G3	3	102
18	16	90	16d	238	46	2.0	0	0	3/4	1	1	1/2	1/2	1		1	67	G4	4	101
